{"cameraMode":{"drawMode":0,"name":"Shaded","section":"Shading Mode"},"sceneLighting":false,"audioPlay":false,"sceneViewState":{"showFog":true,"showMaterialUpdate":false,"showSkybox":false,"showFlares":true,"showImageEffects":true,"showParticleSystems":true,"showVisualEffectGraphs":true,"m_FxEnabled":true},"in2DMode":false,"pivot":{"x":1.6477311849594117,"y":-0.6616940498352051,"z":1.5324537754058838},"rotation":{"x":0.28446733951568606,"y":-0.5132372975349426,"z":0.18566374480724336,"w":0.7884470224380493},"size":0.6223331689834595,"orthographic":false}