{"cameraMode":{"drawMode":0,"name":"Shaded","section":"Shading Mode"},"sceneLighting":true,"audioPlay":false,"sceneViewState":{"showFog":true,"showMaterialUpdate":false,"showSkybox":true,"showFlares":true,"showImageEffects":true,"showParticleSystems":true,"showVisualEffectGraphs":true,"m_FxEnabled":true},"in2DMode":false,"pivot":{"x":-0.4562695324420929,"y":6.140838623046875,"z":-1.5602893829345704},"rotation":{"x":0.002646799897775054,"y":0.9557396173477173,"z":-0.008601931855082512,"w":0.2940748929977417},"size":5.113916397094727,"orthographic":true}